Title,Grape,Country,Region,Style,Price,Type,Characteristics,Description,ABV,Vintage,Availability,Collection,RecommendationEnabled,SourcePriceUSD,PriceStatus,SourceURL,SourceType,DataQuality,Notes
Cooper's Hawk Lux Sparkling,"70% Semillon, 30% Cabernet Franc",France,"Bordeaux, France",Dry & Crisp,£27.64 per bottle,Sparkling,"Green apple, brioche, lemon, yellow pear, almonds","Traditional-style sparkling wine with orchard fruit, citrus, brioche, almond, and a rich toasty profile.",,,Current,Sparkling,True,$34.99,Current menu,https://chwinery.com/wine/catalog/sparkling,Official Cooper's Hawk wine/menu page,Verified / normalized,
Cooper's Hawk Bubbly Rosé,Syrah & Grenache,USA,Washington State,Fruity & Crisp,£16.58 per bottle,Sparkling Rosé,"Watermelon, strawberry, pink cherry, lemon, rose petals","Sparkling rosé with bright red-fruit flavors, citrus freshness, floral notes, and a creamy texture.",,,Current,Core Portfolio,True,$20.99,Current menu,https://chwinery.com/wine/catalog/bubbly-ros%C3%A9,Official Cooper's Hawk wine/menu page,Verified / normalized,
Cooper's Hawk Prosecco,Glera,Italy,Veneto,Light & Crisp,£18.16 per bottle,Sparkling,"White peach, lime, lemon candy, honey, white flowers","Fresh Italian sparkling wine with peach, citrus, floral notes, and a light touch of honey.",,,Current,Sparkling,True,$22.99,Current menu,https://chwinery.com/wine/catalog/prosecco,Official Cooper's Hawk wine/menu page,Verified / normalized,
Cooper's Hawk Blanc de Blanc,Chardonnay & French Colombard,USA,California,Light & Crisp,£15.00 per bottle,Sparkling,"White flowers, peach, lemon, green apple, pear","Bright sparkling white with green apple, pear, peach, lemon, and delicate floral aromas.",,,Current,Sparkling,True,$18.99,Current menu,https://chwinery.com/wine/catalog/blanc-de-blanc,Official Cooper's Hawk wine/menu page,Verified / normalized,
Cooper's Hawk Abrillante,Verdejo,Spain,Rueda,Light & Crisp,£18.95 per bottle,White,"Grapefruit, lemon, tangerine, nectarine, orange blossom","Vibrant Spanish white with citrus, stone-fruit, and floral flavors in a refreshing style.",,,Current,Core Portfolio,True,$23.99,Current menu,https://chwinery.com/wine/catalog/abrillante,Official Cooper's Hawk wine/menu page,Verified / normalized,
Cooper's Hawk Sauvignon Blanc,Sauvignon Blanc,USA,California,Light & Crisp,£15.79 per bottle,White,"Lime, lemon, grapefruit, grass, green apple, white flowers","Clean, crisp Sauvignon Blanc emphasizing citrus, green fruit, grassy notes, and freshness.",,,Current,Core Portfolio,True,$19.99,Current menu,https://chwinery.com/wine/catalog/sauvignon-blanc,Official Cooper's Hawk wine/menu page,Verified / normalized,
Cooper's Hawk Lux White Meritage,White blend,USA,"Edna Valley / Central Coast, California",Full-Bodied,£23.69 per bottle,White,"Lemon custard, guava, cream, green apple, grass","Full-bodied coastal white blend with ripe fruit, creamy texture, citrus, and balanced acidity.",,,Current,Core Portfolio,True,$29.99,Current menu,https://chwinery.com/wine/catalog/white-meritage,Official Cooper's Hawk wine/menu page,Verified / normalized,
Cooper's Hawk Pinot Gris,Pinot Gris,USA,"Columbia Valley, Washington",Light-Bodied,£15.00 per bottle,White,"Peach, orange rind, apple, lemon","Light-bodied Pinot Gris with peach, apple, citrus, and a refreshing fruit-driven profile.",,,Current,Core Portfolio,True,$18.99,Current menu,https://chwinery.com/wine/catalog/pinot-gris,Official Cooper's Hawk wine/menu page,Verified / normalized,
Cooper's Hawk Unoaked Chardonnay,Chardonnay,USA,Washington State,Light & Crisp,£15.00 per bottle,White,"Lemon, green apple, melon","Unoaked Chardonnay with zesty lemon, green apple, and melon flavors and a clean finish.",,,Current,Core Portfolio,True,$18.99,Current menu,https://chwinery.com/wine/catalog/unoaked-chardonnay,Official Cooper's Hawk wine/menu page,Verified / normalized,
Cooper's Hawk Chardonnay,Chardonnay,USA,"Lodi, California",Medium-Bodied,£15.79 per bottle,White,"Banana, yellow apple, butter, toasted oak","Medium-bodied Chardonnay with ripe orchard fruit, buttery notes, and toasted oak.",,,Current,Core Portfolio,True,$19.99,Current menu,https://chwinery.com/wine/catalog/chardonnay-2,Official Cooper's Hawk wine/menu page,Verified / normalized,
Cooper's Hawk Lux Chardonnay,Chardonnay,USA,"Edna Valley / Central Coast, California",Full-Bodied,£23.69 per bottle,White,"Lemon, apple, nuts, butterscotch, toast","Full-bodied Chardonnay with rounded texture, citrus and apple fruit, nutty notes, butterscotch, and toast.",,,Current,Core Portfolio,True,$29.99,Current menu,https://chwinery.com/wine/catalog/chardonnay,Official Cooper's Hawk wine/menu page,Verified / normalized,
Cooper's Hawk White,Pinot Gris & Riesling,USA,Washington State,Fruity & Aromatic,£15.00 per bottle,White,"Pear, apricot, passion fruit, melon, honey, white flowers","Aromatic white blend with juicy orchard fruit, tropical notes, floral character, and fresh acidity.",,,Current,Core Portfolio,True,$18.99,Current menu,https://chwinery.com/wine/catalog/coopers-hawk-white,Official Cooper's Hawk wine/menu page,Verified / normalized,
Cooper's Hawk Riesling,Riesling,USA,Washington State,Slightly Sweet,£15.79 per bottle,White,"Key lime, green apple, honeydew, flowers","Slightly sweet Riesling with lime, green apple, melon, and fragrant floral notes.",,,Current,Core Portfolio,True,$19.99,Current menu,https://chwinery.com/wine/catalog/riesling,Official Cooper's Hawk wine/menu page,Verified / normalized,
Cooper's Hawk Gewürztraminer,Gewürztraminer,USA,California,Aromatic & Fruity,£15.00 per bottle,White,"Lychee, grapefruit, rose petals","Lush aromatic white with lychee, sweet citrus, and rose-petal character.",,,Current,Core Portfolio,True,$18.99,Current menu,https://chwinery.com/wine/catalog/gewurztraminer,Official Cooper's Hawk wine/menu page,Verified / normalized,
Cooper's Hawk Moscato,Moscato,USA,California,Sweet & Aromatic,£15.00 per bottle,White,"Peach, melon, orange blossom, flowers","Sweet, intensely aromatic Moscato with peach, melon, and orange-blossom flavors.",,,Current,Core Portfolio,True,$18.99,Current menu,https://chwinery.com/wine/catalog/moscato,Official Cooper's Hawk wine/menu page,Verified / normalized,
Cooper's Hawk Rosé,Rosé blend,USA,Washington State,Dry & Crisp,£16.58 per bottle,Rosé,"Strawberry, citrus","Crisp, clean rosé centered on juicy strawberry and fresh citrus flavors.",,,Current,Core Portfolio,True,$20.99,Current menu,https://chwinery.com/wine/catalog/ros%C3%A9,Official Cooper's Hawk wine/menu page,Verified / normalized,
Cooper's Hawk Pinot Noir,Pinot Noir,USA,California,Light-Bodied,£19.74 per bottle,Red,"Cherry, raspberry, baking spices, smoke, tea","Bright, soft Pinot Noir with red fruit, spice, light smoke, and tea notes.",,,Current,Core Portfolio,True,$24.99,Current menu,https://chwinery.com/wine/catalog/pinot-noir-2,Official Cooper's Hawk wine/menu page,Verified / normalized,
Cooper's Hawk Lux Pinot Noir,Pinot Noir,USA,California,Light & Elegant,£31.59 per bottle,Red,"Cherry, plum, tea, mushrooms, baking spices","Elegant California Pinot Noir with ripe red fruit, earthy notes, spice, and a long finish.",,,Current,Core Portfolio,True,$39.99,Current menu,https://chwinery.com/wine/catalog/pinot-noir,Official Cooper's Hawk wine/menu page,Verified / normalized,
Cooper's Hawk Barbera,Barbera,USA,"Lodi, California",Medium-Bodied,£18.95 per bottle,Red,"Blueberry, plum, cherry, leather, baking spices","Juicy Barbera with plum, blueberry, cherry, leather, and warming spice.",,,Current,Core Portfolio,True,$23.99,Current menu,https://chwinery.com/wine/catalog/barbera,Official Cooper's Hawk wine/menu page,Verified / normalized,
Cooper's Hawk Merlot,Merlot,USA,California,Medium-Bodied,£15.79 per bottle,Red,"Blackberry, black cherry, plum, cocoa, coffee","Rich, smooth Merlot with dark berries, plum, cocoa, coffee, and a soft finish.",,,Current,Core Portfolio,True,$19.99,Current menu,https://chwinery.com/wine/catalog/merlot,Official Cooper's Hawk wine/menu page,Verified / normalized,
Cooper's Hawk Malbec,Malbec,USA,California,Full-Bodied,£19.74 per bottle,Red,"Blueberry, blackberry, black cherry, pepper, baking spices","Bold yet refined Malbec with dark berry fruit, pepper, and spice.",,,Current,Core Portfolio,True,$24.99,Current menu,https://chwinery.com/wine/catalog/malbec,Official Cooper's Hawk wine/menu page,Verified / normalized,
Cooper's Hawk Vin Velouté,Red blend,,,Soft & Fruity,£18.16 per bottle,Red,"Jammy dark fruit, sweet baking spices","Soft, silky red blend with concentrated jammy fruit and sweet baking-spice character.",,,Current,Core Portfolio,True,$22.99,Current menu,https://chwinery.com/menus/wine-in-tasting-room,Official Cooper's Hawk wine/menu page,Verified / normalized,
Cooper's Hawk Red,Cabernet Sauvignon & Merlot,USA,California,Medium-Bodied,£15.79 per bottle,Red,"Black cherry, blackberry, tobacco, vanilla, cracked pepper, red raspberry","Fruit-forward Cabernet and Merlot blend with dark berries, smooth tannins, tobacco, vanilla, and pepper.",,,Current,Core Portfolio,True,$19.99,Current menu,https://chwinery.com/wine/catalog/coopers-hawk-red,Official Cooper's Hawk wine/menu page,Verified / normalized,
Cooper's Hawk Old Vine Zin,Zinfandel,USA,"Lodi, California",Full-Bodied,£16.58 per bottle,Red,"Blackberry, cranberry, raspberry, pepper, baking spices","Rich old-vine Zinfandel with ripe berry fruit, pepper, spice, and rounded tannins.",,,Current,Core Portfolio,True,$20.99,Current menu,https://chwinery.com/wine/catalog/old-vine-zin,Official Cooper's Hawk wine/menu page,Verified / normalized,
Cooper's Hawk Cab Zin,Cabernet Sauvignon & Zinfandel,USA,California,Full-Bodied,£19.74 per bottle,Red,"Blackberry, plum, black currant, chocolate, baking spices","Bold Cabernet and jammy Zinfandel blend with dark fruit, chocolate, spice, and smooth tannins.",,,Current,Core Portfolio,True,$24.99,Current menu,https://chwinery.com/wine/catalog/cab-zin,Official Cooper's Hawk wine/menu page,Verified / normalized,
Cooper's Hawk Petite Sirah,Petite Sirah,USA,"Lodi, California",Full-Bodied,£21.32 per bottle,Red,"Dark fruit, pepper, black olive, smoke","Full-bodied, inky Petite Sirah with dark fruit, pepper, black olive, and smoky notes.",,,Current,Core Portfolio,True,$26.99,Current menu,https://chwinery.com/wine/catalog/petite-sirah,Official Cooper's Hawk wine/menu page,Verified / normalized,
Cooper's Hawk Tempranillo,Tempranillo,Spain,Rioja,Full-Bodied,£21.32 per bottle,Red,"Red plum, earth, leather, vanilla","Spanish Tempranillo with ripe red plum, earthy tones, leather, vanilla, and smooth tannins.",,,Current,Core Portfolio,True,$26.99,Current menu,https://chwinery.com/wine/catalog/spanish-tempranillo,Official Cooper's Hawk wine/menu page,Verified / normalized,
Cooper's Hawk Super Tuscan,"Sangiovese, Cabernet Sauvignon & Merlot",Italy,Tuscany,Full-Bodied,£22.90 per bottle,Red,"Black cherry, blueberry, star anise, leather, fresh herbs","Full-bodied Tuscan red blend with dark fruit, earthy leather, herbs, and star-anise spice.",,,Current,Core Portfolio,True,$28.99,Current menu,https://chwinery.com/wine/catalog/italian-super-tuscan,Official Cooper's Hawk wine/menu page,Verified / normalized,
Cooper's Hawk Shiraz,Shiraz,Australia,Barossa Valley,Full-Bodied,£23.69 per bottle,Red,"Blackberry, black olive, licorice, violets, vanilla","Bold Barossa Shiraz with dark fruit, black olive, licorice, violet, vanilla, and smooth tannins.",,,Current,Core Portfolio,True,$29.99,Current menu,https://chwinery.com/wine/catalog/shiraz,Official Cooper's Hawk wine/menu page,Verified / normalized,
Cooper's Hawk Cabernet Sauvignon,Cabernet Sauvignon,USA,"Lodi, California",Full-Bodied,£19.74 per bottle,Red,"Vanilla, black cherry, blackberry, bay leaf, bell pepper, mixed berries, spice","Structured Cabernet Sauvignon with dark berry fruit, herbs, spice, vanilla, and silky tannins.",,,Current,Core Portfolio,True,$24.99,Current menu,https://chwinery.com/wine/catalog/cabernet-sauvignon-2,Official Cooper's Hawk wine/menu page,Verified / normalized,
Cooper's Hawk Lux Cabernet Sauvignon,Cabernet Sauvignon,USA,"Mendocino County, California",Full-Bodied,£28.43 per bottle,Red,"Wild blackberry, vanilla, coffee, spice","Full-bodied Cabernet with firm tannins, concentrated blackberry, vanilla, coffee, and spice.",,,Current,Core Portfolio,True,$35.99,Current menu,https://chwinery.com/wine/catalog/cabernet-sauvignon,Official Cooper's Hawk wine/menu page,Verified / normalized,
Cooper's Hawk Lux Meritage,"Cabernet Sauvignon, Merlot, Cabernet Franc & Malbec",USA,"Paso Robles & Mendocino, California",Full-Bodied,£31.59 per bottle,Red,"Black currant, blackberry, chocolate, vanilla, baking spices","Refined Bordeaux-style red blend with dark berries, cassis, chocolate, vanilla, and baking spice.",,,Current,Core Portfolio,True,$39.99,Current menu,https://chwinery.com/wine/catalog/meritage,Official Cooper's Hawk wine/menu page,Verified / normalized,
Cooper's Hawk Curated Icons Cabernet Sauvignon,Cabernet Sauvignon,USA,California,Full-Bodied,£86.89 per bottle,Red,"Cabernet fruit, oak, dark berries, structured tannins",Premium California Cabernet Sauvignon created as part of Cooper's Hawk's Curated Icons series.,,,Current,Iconic / Signature Reserve,True,$109.99,Current menu,https://chwinery.com/wine/catalog/cabernet-sauvignon-created-in-partnership-with-napa-legend-cakebread-cellars,Official Cooper's Hawk wine/menu page,Verified / normalized,
Cooper's Hawk Camille Dauntless,"68% Cabernet Sauvignon, 13% Malbec, 10% Merlot, 4% Cabernet Franc, 3% Syrah, 2% Petite Sirah",USA,"Horse Heaven Hills, Red Mountain & Walla Walla, Washington",Full-Bodied,£47.39 per bottle,Red,"Dark fruit, structured tannins, Cabernet-led red blend","A structured Washington red blend anchored by Cabernet Sauvignon with Malbec, Merlot, Cabernet Franc, Syrah, and Petite Sirah.",,,Current,Iconic / Camille,True,$59.99,Current menu,https://chwinery.com/camille-dauntless,Official Cooper's Hawk wine/menu page,Verified / normalized,
Cooper's Hawk Almond Sparkling,Sparkling wine blend,,,Sweet Sparkling,£15.79 per bottle,Sparkling,"Almond, lemon, biscotti, maraschino cherry, baking spices","Sweet sparkling wine combining bright bubbles with almond-cookie, cherry, citrus, and baking-spice flavors.",,,Current,Sparkling,True,$19.99,Current menu,https://chwinery.com/wine/catalog/almond,Official Cooper's Hawk wine/menu page,Verified / normalized,
Cooper's Hawk Raspberry Sparkling,Sparkling white wine with raspberry flavoring,,,Sweet Sparkling,£15.79 per bottle,Sparkling,"Raspberry, lemon, pink flowers, red apple","Bright sparkling wine with juicy raspberry, citrus, floral notes, and red-apple character.",,,Current,Sparkling,True,$19.99,Current menu,https://chwinery.com/wine/catalog/raspberry,Official Cooper's Hawk wine/menu page,Verified / normalized,
Cooper's Hawk Scarletto,Sweet sparkling red blend,,,Sweet Sparkling,£15.79 per bottle,Sparkling Red,"Strawberry, raspberry, rose petals, cherry, cranberry, cinnamon","Fruity sweet sparkling red with strawberry, raspberry, floral notes, and gentle spice.",,,Current,Core Portfolio,True,$19.99,Current menu,https://chwinery.com/wine/catalog/ch-scarletto,Official Cooper's Hawk wine/menu page,Verified / normalized,
Cooper's Hawk Sweet Red,Concord,USA,New York State,Sweet & Fruity,£15.00 per bottle,Red,"Concord grape, grape jelly, vanilla, roses, cherry","Fresh sweet red built around nostalgic Concord grape, cherry, floral, and vanilla flavors.",,,Current,Sweet / Dessert,True,$18.99,Current menu,https://chwinery.com/wine/catalog/sweet-red,Official Cooper's Hawk wine/menu page,Verified / normalized,
Cooper's Hawk Romance Red,Concord,USA,New York State,Sweet & Fruity,£15.00 per bottle,Red,"Concord grape, maraschino cherry, vanilla, roses, baking spices","Sweet, fruit-forward Concord red with cherry, vanilla, floral notes, and spice.",,,Current,Core Portfolio,True,$18.99,Current menu,https://chwinery.com/wine/catalog/romance-red,Official Cooper's Hawk wine/menu page,Verified / normalized,
Cooper's Hawk Vin Chocolat Noir,Red wine with cocoa flavoring,,,Sweet & Rich,£14.21 per bottle,Red,"Chocolate, vanilla, raspberry, pink cherry, blackberry","Sweet red wine with cocoa, berry, vanilla, and chocolate-forward flavors.",,,Current,Sweet / Dessert,True,$17.99,Current menu,https://chwinery.com/wine/catalog/vin-chocolat-noir,Official Cooper's Hawk wine/menu page,Verified / normalized,
Cooper's Hawk Vin Chocolat Almond,Red wine with chocolate and almond flavoring,,,Sweet & Rich,£14.21 per bottle,Red,"Chocolate, almond, red fruit","Sweet red wine combining chocolate character with a distinct almond note.",,,Current,Sweet / Dessert,True,$17.99,Current menu,https://chwinery.com/menus/wine-in-tasting-room,Official Cooper's Hawk wine/menu page,Verified / normalized,
Cooper's Hawk Lux Ice Wine (375 ml),Ice wine grapes,,,Dessert Sweet,£23.69 per bottle,Dessert,"Mango, peach, honey, white flowers, lemon candy","Rich dessert wine made from frozen grapes, with concentrated tropical fruit, peach, honey, and floral flavors.",,,Current,Sweet / Dessert,True,$29.99,Current menu,https://chwinery.com/wine/catalog/ice-wine,Official Cooper's Hawk wine/menu page,Verified / normalized,
Cooper's Hawk Nightjar (375 ml),Port-style red blend,,,Dessert Rich,£19.74 per bottle,Dessert,"Blueberry, black cherry, cocoa, dried black fruit, nuts","Rich, velvety port-style dessert wine with dark fruit, cocoa, and nutty flavors.",,,Current,Sweet / Dessert,True,$24.99,Current menu,https://chwinery.com/wine/catalog/night-jar,Official Cooper's Hawk wine/menu page,Verified / normalized,
Cooper's Hawk Blueberry,Blueberry fruit wine,USA,Midwest,Sweet & Fruity,£14.21 per bottle,Fruit Wine,"Blueberry, black cherry, blackberry, plum, baking spices","Rich fruit wine made from blueberries with dark berry, plum, and baking-spice flavors.",,,Current,Core Portfolio,True,$17.99,Current menu,https://chwinery.com/wine/catalog/blueberry,Official Cooper's Hawk wine/menu page,Verified / normalized,
Cooper's Hawk Passion Fruit,"Passion fruit, tangerine & apple juice",,,Sweet & Tropical,£14.21 per bottle,Fruit Wine,"Passion fruit, orange, grapefruit, red apple, white flowers","Tropical fruit wine with passion fruit, citrus, apple, and floral aromatics.",,,Current,Core Portfolio,True,$17.99,Current menu,https://chwinery.com/wine/catalog/passion-fruit,Official Cooper's Hawk wine/menu page,Verified / normalized,
Cooper's Hawk Rhubarb,Rhubarb fruit wine,,,Sweet & Tart,£14.21 per bottle,Fruit Wine,"Rhubarb, tart red fruit","Fruit wine centered on the bright, sweet-tart character of rhubarb.",,,Current,Core Portfolio,True,$17.99,Current menu,https://chwinery.com/menus/wine-in-tasting-room,Official Cooper's Hawk wine/menu page,Verified / normalized,
Cooper's Hawk White Sangria,White wine with fruit concentrates,,,Fruity Sangria,£14.21 per bottle,Sangria,"Passion fruit, apricot, tangerine, apple, pineapple","Fruit-forward white sangria with tropical fruit, stone fruit, citrus, and apple flavors.",,,Current,Seasonal / Specialty,True,$17.99,Current menu,https://chwinery.com/wine/catalog/sangria-white,Official Cooper's Hawk wine/menu page,Verified / normalized,
Cooper's Hawk Red Sangria,"Red wine with tangerine, passion fruit, apple & lemon concentrates",,,Fruity Sangria,£14.21 per bottle,Sangria,"Blueberry, orange, cherry, red apple, lemon","Classic red sangria with blueberry, cherry, citrus, and red-apple flavors.",,,Current,Seasonal / Specialty,True,$17.99,Current menu,https://chwinery.com/wine/catalog/sangria-red,Official Cooper's Hawk wine/menu page,Verified / normalized,
Cooper's Hawk Blood Orange Pineapple Bubbly Sangria,Sparkling sangria blend,,,Fruity Sparkling,£15.00 per bottle,Sangria,"Blood orange, pineapple, citrus, tropical fruit","Sparkling sangria with blood orange and pineapple in a bright tropical style.",,,Current,Seasonal / Specialty,True,$18.99,Current menu,https://chwinery.com/menus/wine-in-tasting-room,Official Cooper's Hawk wine/menu page,Verified / normalized,
Cooper's Hawk Mango Dragonfruit Spritzy Sangria,Spritzy sangria blend,,,Fruity & Spritzy,£16.58 per bottle,Sangria,"Mango, dragon fruit, tropical fruit","Lightly sparkling sangria with mango and dragon-fruit flavors.",,,Current,Seasonal / Specialty,True,$20.99,Current menu,https://chwinery.com/menus/wine-in-tasting-room,Official Cooper's Hawk wine/menu page,Verified / normalized,
Cooper's Hawk Strawberry Rhubarb Spritzy Sangria,Spritzy sangria blend,,,Fruity & Spritzy,£16.58 per bottle,Sangria,"Strawberry, rhubarb, red fruit","Lightly sparkling sangria balancing ripe strawberry with tart rhubarb.",,,Current,Seasonal / Specialty,True,$20.99,Current menu,https://chwinery.com/menus/wine-in-tasting-room,Official Cooper's Hawk wine/menu page,Verified / normalized,
